Workbook

Sheet README
A1: OpenMRS Healthcare — QA Manual Test Pack
A3: Purpose | B3: Provide reusable sample manual test cases across healthcare/EMR workflows in OpenMRS, including authentication, patient registration, search, dashboard review, visits, vitals, clinical notes, security, admin workflows, usability, and end-to-end flows.
A4: How to use | B4: Open each module sheet and update Status and Notes during execution. Summary KPIs and module counts refresh automatically.
A5: Important note | B5: These are sample QA scenarios for portfolio use and should be tailored to the exact OpenMRS build, role configuration, location setup, and enabled forms/apps in your target environment.
A6: Default status | B6: Not Run
A7: Default priority | B7: High
A8: Primary domain | B8: Healthcare / EMR QA
A9: Demo credentials | B9: Location: Any | Username: admin | Password: Admin123
A11: Official reference sources
A12: Source Name | B12: URL | C12: Use in this workbook
A13: OpenMRS Demo | B13: https://openmrs.org/demo/ | C13: Demo access, credentials, and environment entry point
A14: OpenMRS Download | B14: https://openmrs.org/download/ | C14: Reference context for demo/standalone usage
A15: Reference Application 2.10.0 | B15: https://wiki.openmrs.org/display/docs/Reference%2BApplication%2B2.10.0 | C15: Role-based home page and app/role behavior
A16: OpenMRS Standalone | B16: https://wiki.openmrs.org/display/docs/OpenMRS%2BStandalone | C16: Default login context for standalone/reference application

Sheet Summary
A1: OpenMRS Healthcare - Manual Test Case Tracker
A2: Manual QA test suite for OpenMRS healthcare workflows using the same multi-tab execution-tracker structure as your prior portfolio trackers.
A4: Workbook Controls
A5: Default Status | B5: Not Run
A6: Default Priority | B6: High
A7: Portfolio Owner | B7: TBD
A8: Primary Domain | B8: Healthcare / EMR QA
A10: Module Coverage
A11: Module | B11: Sheet Name | C11: Total Cases | D11: High Priority | E11: Negative Cases | F11: Automation Candidates
A12: Authentication | B12: 10_Authentication | C12: =COUNTA('10_Authentication'!$A:$A)-2 -> 6 | D12: =COUNTIF('10_Authentication'!$H:$H,"High")+COUNTIF('10_Authentication'!$H:$H,"Critical") -> 5 | E12: =COUNTIF('10_Authentication'!$I:$I,"Negative") -> 3 | F12: =COUNTIF('10_Authentication'!$J:$J,"Yes") -> 6
A13: Patient Registration | B13: 20_Patient_Registration | C13: =COUNTA('20_Patient_Registration'!$A:$A)-2 -> 7 | D13: =COUNTIF('20_Patient_Registration'!$H:$H,"High")+COUNTIF('20_Patient_Registration'!$H:$H,"Critical") -> 5 | E13: =COUNTIF('20_Patient_Registration'!$I:$I,"Negative") -> 3 | F13: =COUNTIF('20_Patient_Registration'!$J:$J,"Yes") -> 3
A14: Patient Search | B14: 30_Patient_Search | C14: =COUNTA('30_Patient_Search'!$A:$A)-2 -> 6 | D14: =COUNTIF('30_Patient_Search'!$H:$H,"High")+COUNTIF('30_Patient_Search'!$H:$H,"Critical") -> 4 | E14: =COUNTIF('30_Patient_Search'!$I:$I,"Negative") -> 1 | F14: =COUNTIF('30_Patient_Search'!$J:$J,"Yes") -> 5
A15: Patient Dashboard | B15: 40_Patient_Dashboard | C15: =COUNTA('40_Patient_Dashboard'!$A:$A)-2 -> 5 | D15: =COUNTIF('40_Patient_Dashboard'!$H:$H,"High")+COUNTIF('40_Patient_Dashboard'!$H:$H,"Critical") -> 4 | E15: =COUNTIF('40_Patient_Dashboard'!$I:$I,"Negative") -> 1 | F15: =COUNTIF('40_Patient_Dashboard'!$J:$J,"Yes") -> 1
A16: Visit Management | B16: 50_Visit_Management | C16: =COUNTA('50_Visit_Management'!$A:$A)-2 -> 6 | D16: =COUNTIF('50_Visit_Management'!$H:$H,"High")+COUNTIF('50_Visit_Management'!$H:$H,"Critical") -> 5 | E16: =COUNTIF('50_Visit_Management'!$I:$I,"Negative") -> 2 | F16: =COUNTIF('50_Visit_Management'!$J:$J,"Yes") -> 3
A17: Vitals & Clinical Notes | B17: 60_Vitals_Clinical_Notes | C17: =COUNTA('60_Vitals_Clinical_Notes'!$A:$A)-2 -> 6 | D17: =COUNTIF('60_Vitals_Clinical_Notes'!$H:$H,"High")+COUNTIF('60_Vitals_Clinical_Notes'!$H:$H,"Critical") -> 5 | E17: =COUNTIF('60_Vitals_Clinical_Notes'!$I:$I,"Negative") -> 2 | F17: =COUNTIF('60_Vitals_Clinical_Notes'!$J:$J,"Yes") -> 4
A18: Data Validation | B18: 70_Data_Validation | C18: =COUNTA('70_Data_Validation'!$A:$A)-2 -> 5 | D18: =COUNTIF('70_Data_Validation'!$H:$H,"High")+COUNTIF('70_Data_Validation'!$H:$H,"Critical") -> 4 | E18: =COUNTIF('70_Data_Validation'!$I:$I,"Negative") -> 1 | F18: =COUNTIF('70_Data_Validation'!$J:$J,"Yes") -> 1
A19: Security & Access | B19: 80_Security_Access | C19: =COUNTA('80_Security_Access'!$A:$A)-2 -> 6 | D19: =COUNTIF('80_Security_Access'!$H:$H,"High")+COUNTIF('80_Security_Access'!$H:$H,"Critical") -> 5 | E19: =COUNTIF('80_Security_Access'!$I:$I,"Negative") -> 2 | F19: =COUNTIF('80_Security_Access'!$J:$J,"Yes") -> 3
A20: Admin & Reporting | B20: 90_Admin_Reporting | C20: =COUNTA('90_Admin_Reporting'!$A:$A)-2 -> 5 | D20: =COUNTIF('90_Admin_Reporting'!$H:$H,"High")+COUNTIF('90_Admin_Reporting'!$H:$H,"Critical") -> 3 | E20: =COUNTIF('90_Admin_Reporting'!$I:$I,"Negative") -> 1 | F20: =COUNTIF('90_Admin_Reporting'!$J:$J,"Yes") -> 2
A21: Usability & Error Handling | B21: 100_Usability_Error_Handling | C21: =COUNTA('100_Usability_Error_Handling'!$A:$A)-2 -> 4 | D21: =COUNTIF('100_Usability_Error_Handling'!$H:$H,"High")+COUNTIF('100_Usability_Error_Handling'!$H:$H,"Critical") -> 2 | E21: =COUNTIF('100_Usability_Error_Handling'!$I:$I,"Negative") -> 1 | F21: =COUNTIF('100_Usability_Error_Handling'!$J:$J,"Yes") -> 1
A22: End-to-End | B22: 110_E2E | C22: =COUNTA('110_E2E'!$A:$A)-2 -> 4 | D22: =COUNTIF('110_E2E'!$H:$H,"High")+COUNTIF('110_E2E'!$H:$H,"Critical") -> 4 | E22: =COUNTIF('110_E2E'!$I:$I,"Negative") -> 0 | F22: =COUNTIF('110_E2E'!$J:$J,"Yes") -> 0
A23: Total | C23: =SUM(C12:C22) -> 60 | D23: =SUM(D12:D22) -> 46 | E23: =SUM(E12:E22) -> 17 | F23: =SUM(F12:F22) -> 29
A25: Execution Status
A26: Status | B26: Count | D26: Metric | E26: Value
A27: Not Run | B27: =COUNTIF('10_Authentication'!$L:$L,$A27)+COUNTIF('20_Patient_Registration'!$L:$L,$A27)+COUNTIF('30_Patient_Search'!$L:$L,$A27)+COUNTIF('40_Patient_Dashboard'!$L:$L,$A27)+COUNTIF('50_Visit_Management'!$L:$L,$A27)+COUNTIF('60_Vitals_Clinical_Notes'!$L:$L,$A27)+COUNTIF('70_Data_Validation'!$L:$L,$A27)+COUNTIF('80_Security_Access'!$L:$L,$A27)+COUNTIF('90_Admin_Reporting'!$L:$L,$A27)+COUNTIF('100_Usability_Error_Handling'!$L:$L,$A27)+COUNTIF('110_E2E'!$L:$L,$A27) -> 0 | D27: Total Test Cases | E27: =C23 -> 60
A28: Pass | B28: =COUNTIF('10_Authentication'!$L:$L,$A28)+COUNTIF('20_Patient_Registration'!$L:$L,$A28)+COUNTIF('30_Patient_Search'!$L:$L,$A28)+COUNTIF('40_Patient_Dashboard'!$L:$L,$A28)+COUNTIF('50_Visit_Management'!$L:$L,$A28)+COUNTIF('60_Vitals_Clinical_Notes'!$L:$L,$A28)+COUNTIF('70_Data_Validation'!$L:$L,$A28)+COUNTIF('80_Security_Access'!$L:$L,$A28)+COUNTIF('90_Admin_Reporting'!$L:$L,$A28)+COUNTIF('100_Usability_Error_Handling'!$L:$L,$A28)+COUNTIF('110_E2E'!$L:$L,$A28) -> 0 | D28: Executed Cases | E28: =SUM(B28:B30) -> 0
A29: Fail | B29: =COUNTIF('10_Authentication'!$L:$L,$A29)+COUNTIF('20_Patient_Registration'!$L:$L,$A29)+COUNTIF('30_Patient_Search'!$L:$L,$A29)+COUNTIF('40_Patient_Dashboard'!$L:$L,$A29)+COUNTIF('50_Visit_Management'!$L:$L,$A29)+COUNTIF('60_Vitals_Clinical_Notes'!$L:$L,$A29)+COUNTIF('70_Data_Validation'!$L:$L,$A29)+COUNTIF('80_Security_Access'!$L:$L,$A29)+COUNTIF('90_Admin_Reporting'!$L:$L,$A29)+COUNTIF('100_Usability_Error_Handling'!$L:$L,$A29)+COUNTIF('110_E2E'!$L:$L,$A29) -> 0 | D29: Execution % | E29: =IF(E27=0,0,E28/E27) -> 0
A30: Blocked | B30: =COUNTIF('10_Authentication'!$L:$L,$A30)+COUNTIF('20_Patient_Registration'!$L:$L,$A30)+COUNTIF('30_Patient_Search'!$L:$L,$A30)+COUNTIF('40_Patient_Dashboard'!$L:$L,$A30)+COUNTIF('50_Visit_Management'!$L:$L,$A30)+COUNTIF('60_Vitals_Clinical_Notes'!$L:$L,$A30)+COUNTIF('70_Data_Validation'!$L:$L,$A30)+COUNTIF('80_Security_Access'!$L:$L,$A30)+COUNTIF('90_Admin_Reporting'!$L:$L,$A30)+COUNTIF('100_Usability_Error_Handling'!$L:$L,$A30)+COUNTIF('110_E2E'!$L:$L,$A30) -> 0 | D30: Pass Rate | E30: =IF(E28=0,0,B28/E28) -> 0
D31: Fail Rate | E31: =IF(E28=0,0,B29/E28) -> 0

Sheet 10_Authentication
A1: Update the Status and Notes columns during execution. Summary KPIs and counts refresh automatically.
A2: TC_ID | B2: Module | C2: Scenario | D2: Preconditions | E2: Steps | F2: Test Data | G2: Expected Result | H2: Priority | I2: Type | J2: Automation Candidate | K2: Status | L2: Notes
A3: AUTH-001 | B3: Authentication | C3: Valid admin login succeeds with correct credentials and location selected | D3: User is on OpenMRS demo login page | E3: 1. Select location 2. Enter valid admin credentials 3. Click Log In | F3: Location = Any; Username = admin; Password = Admin123 | G3: User is authenticated successfully and home page/dashboard loads | H3: Critical | I3: Positive | J3: Yes | K3: Not Run | L3: Core login path
A4: AUTH-002 | B4: Authentication | C4: Invalid password is rejected | D4: A valid username exists | E4: 1. Select location 2. Enter valid username and invalid password 3. Click Log In | F4: Username = admin; invalid password | G4: System blocks login and shows authentication error without granting access | H4: High | I4: Negative | J4: Yes | K4: Not Run | L4: Auth validation
A5: AUTH-003 | B5: Authentication | C5: Login is blocked when location is not selected | D5: User is on login page | E5: 1. Leave location unselected 2. Enter valid credentials 3. Click Log In | F5: Valid username/password | G5: System requires a login location before session creation | H5: High | I5: Negative | J5: Yes | K5: Not Run | L5: Location requirement
A6: AUTH-004 | B6: Authentication | C6: Logout ends active session and returns user to login page | D6: User is logged in | E6: 1. Click logout/sign out 2. Observe landing page | F6: Active authenticated session | G6: System signs the user out and returns to login page | H6: High | I6: Positive | J6: Yes | K6: Not Run | L6: Session termination
A7: AUTH-005 | B7: Authentication | C7: Back button after logout does not reopen authenticated pages | D7: User has logged out successfully | E7: 1. Log out 2. Click browser Back button | F7: Logged-out browser session | G7: Protected pages are not accessible without re-authentication | H7: High | I7: Security | J7: Yes | K7: Not Run | L7: Post-logout protection
A8: AUTH-006 | B8: Authentication | C8: Empty username and password fields are validated | D8: User is on login page | E8: 1. Leave username and password blank 2. Click Log In | F8: Blank credentials | G8: System blocks submission or returns clear validation/authentication error | H8: Medium | I8: Negative | J8: Yes | K8: Not Run | L8: Required fields

Sheet 20_Patient_Registration
A1: Update the Status and Notes columns during execution. Summary KPIs and counts refresh automatically.
A2: TC_ID | B2: Module | C2: Scenario | D2: Preconditions | E2: Steps | F2: Test Data | G2: Expected Result | H2: Priority | I2: Type | J2: Automation Candidate | K2: Status | L2: Notes
A3: REG-001 | B3: Patient Registration | C3: Register a new patient with valid mandatory demographics | D3: User is logged in with registration access | E3: 1. Open Register Patient 2. Enter valid demographics 3. Complete address and identifiers 4. Submit | F3: Unique patient name, DOB, gender, address | G3: Patient record is created successfully with unique identifier | H3: Critical | I3: Positive | J3: Yes | K3: Not Run | L3: Core registration
A4: REG-002 | B4: Patient Registration | C4: Missing mandatory registration field is blocked | D4: Registration workflow is open | E4: 1. Leave one or more required fields blank 2. Proceed to next step or submit | F4: Blank mandatory field(s) | G4: System prevents completion and highlights required field(s) | H4: High | I4: Negative | J4: Yes | K4: Not Run | L4: Field validation
A5: REG-003 | B5: Patient Registration | C5: Invalid date of birth or impossible age is rejected | D5: Registration workflow is open | E5: 1. Enter future DOB or impossible age 2. Continue workflow | F5: Future or invalid DOB | G5: System rejects invalid DOB/age combination and requests correction | H5: High | I5: Negative | J5: Yes | K5: Not Run | L5: DOB validation
A6: REG-004 | B6: Patient Registration | C6: Special characters in non-name fields are handled safely | D6: Registration workflow is open | E6: 1. Enter special characters in address/notes where allowed 2. Submit | F6: Address with punctuation and symbols | G6: Allowed characters are saved correctly without breaking the form | H6: Medium | I6: Regression | J6: Later | K6: Not Run | L6: Input handling
A7: REG-005 | B7: Patient Registration | C7: Potential duplicate patient is flagged during registration | D7: A similar patient already exists in demo data | E7: 1. Start new registration 2. Enter demographics matching an existing patient 3. Continue | F7: Name/DOB/gender matching existing patient | G7: System displays duplicate/similar patient warning before final creation | H7: Critical | I7: Negative | J7: Later | K7: Not Run | L7: Duplicate prevention
A8: REG-006 | B8: Patient Registration | C8: Patient registration can be cancelled before final submit | D8: Registration workflow is open | E8: 1. Enter partial patient data 2. Cancel registration | F8: Partial demographics | G8: Workflow exits cleanly and incomplete patient is not created | H8: Medium | I8: Positive | J8: Later | K8: Not Run | L8: Cancel flow
A9: REG-007 | B9: Patient Registration | C9: Generated patient identifier is unique and visible after save | D9: Patient is registered successfully | E9: 1. Register patient 2. Open patient dashboard/summary | F9: Newly created patient | G9: System displays a unique patient identifier and links it to the new record | H9: High | I9: Positive | J9: Later | K9: Not Run | L9: Identifier creation

Sheet 30_Patient_Search
A1: Update the Status and Notes columns during execution. Summary KPIs and counts refresh automatically.
A2: TC_ID | B2: Module | C2: Scenario | D2: Preconditions | E2: Steps | F2: Test Data | G2: Expected Result | H2: Priority | I2: Type | J2: Automation Candidate | K2: Status | L2: Notes
A3: SEA-001 | B3: Patient Search | C3: Search by full patient name returns expected record | D3: At least one known patient exists | E3: 1. Open Find Patient Record 2. Search by full name | F3: Known full patient name | G3: Matching patient record appears in search results | H3: High | I3: Positive | J3: Yes | K3: Not Run | L3: Name search
A4: SEA-002 | B4: Patient Search | C4: Search by patient identifier returns exact patient record | D4: A known patient identifier exists | E4: 1. Open Find Patient Record 2. Search by patient ID | F4: Known patient ID | G4: Exact patient record is returned with no ambiguity | H4: Critical | I4: Positive | J4: Yes | K4: Not Run | L4: ID search
A5: SEA-003 | B5: Patient Search | C5: Partial search returns relevant matching patients | D5: Known patients exist with common prefix/surname | E5: 1. Search by partial name 2. Review results | F5: Partial text input | G5: System returns relevant matching records without crash or empty misfire | H5: Medium | I5: Positive | J5: Yes | K5: Not Run | L5: Partial search
A6: SEA-004 | B6: Patient Search | C6: Search with no matching criteria returns clear no-results message | D6: User is on search page | E6: 1. Search using non-existent patient data | F6: Non-existent name or ID | G6: System returns a clear no-results message and no incorrect record | H6: High | I6: Negative | J6: Yes | K6: Not Run | L6: No result handling
A7: SEA-005 | B7: Patient Search | C7: Search results distinguish patients with similar names | D7: Multiple patients with similar demographics exist | E7: 1. Search by common name 2. Review columns shown in results | F7: Common surname / similar DOBs | G7: Results provide enough identifying detail to distinguish similar patients | H7: High | I7: Regression | J7: Later | K7: Not Run | L7: Ambiguous identity handling
A8: SEA-006 | B8: Patient Search | C8: Search trims leading/trailing spaces in user input | D8: User is on search page | E8: 1. Enter valid search text with extra spaces 2. Execute search | F8: Name or ID with spaces | G8: System ignores non-meaningful spaces and returns expected results | H8: Medium | I8: Usability | J8: Yes | K8: Not Run | L8: Input normalization

Sheet 40_Patient_Dashboard
A1: Update the Status and Notes columns during execution. Summary KPIs and counts refresh automatically.
A2: TC_ID | B2: Module | C2: Scenario | D2: Preconditions | E2: Steps | F2: Test Data | G2: Expected Result | H2: Priority | I2: Type | J2: Automation Candidate | K2: Status | L2: Notes
A3: DSH-001 | B3: Patient Dashboard | C3: Opening a patient record loads dashboard without errors | D3: A patient record exists | E3: 1. Search for patient 2. Open patient chart/dashboard | F3: Existing patient record | G3: Patient dashboard loads successfully with core summary panels visible | H3: Critical | I3: Positive | J3: Yes | K3: Not Run | L3: Patient chart access
A4: DSH-002 | B4: Patient Dashboard | C4: Demographic summary on dashboard matches registration data | D4: A patient has known demographic values | E4: 1. Open patient dashboard 2. Compare displayed demographics to registration data | F4: Known patient demographics | G4: Name, gender, age/DOB, and identifier match stored patient data | H4: High | I4: Regression | J4: Later | K4: Not Run | L4: Demographic consistency
A5: DSH-003 | B5: Patient Dashboard | C5: Active visit status is visible after visit start | D5: Patient has an active visit | E5: 1. Start visit 2. Refresh/open dashboard | F5: Patient with started visit | G5: Dashboard indicates active/current visit correctly | H5: High | I5: Positive | J5: Later | K5: Not Run | L5: Visit visibility
A6: DSH-004 | B6: Patient Dashboard | C6: Patient dashboard handles patient with limited history gracefully | D6: Patient has minimal or no prior clinical history | E6: 1. Open patient dashboard | F6: Minimal-history patient | G6: Dashboard loads with empty-state messaging instead of layout break or error | H6: Medium | I6: Negative | J6: Later | K6: Not Run | L6: Empty-state handling
A7: DSH-005 | B7: Patient Dashboard | C7: Recent visit history updates after new encounter is saved | D7: Patient has a new completed encounter | E7: 1. Save encounter during visit 2. Return to dashboard | F7: New encounter data | G7: Recent visits/encounters section reflects the new activity | H7: High | I7: Integration | J7: Later | K7: Not Run | L7: Dashboard refresh

Sheet 50_Visit_Management
A1: Update the Status and Notes columns during execution. Summary KPIs and counts refresh automatically.
A2: TC_ID | B2: Module | C2: Scenario | D2: Preconditions | E2: Steps | F2: Test Data | G2: Expected Result | H2: Priority | I2: Type | J2: Automation Candidate | K2: Status | L2: Notes
A3: VIS-001 | B3: Visit Management | C3: Start Visit creates an active visit for selected patient | D3: Patient exists and has no active visit | E3: 1. Open patient chart 2. Click Start Visit 3. Confirm action | F3: Valid patient | G3: Active visit is created successfully for the patient | H3: Critical | I3: Positive | J3: Yes | K3: Not Run | L3: Visit start
A4: VIS-002 | B4: Visit Management | C4: Attempting duplicate concurrent visit is prevented or controlled | D4: Patient already has an active visit | E4: 1. Try to start another visit for same patient | F4: Patient with active visit | G4: System prevents duplicate active visit or enforces configured behavior clearly | H4: Critical | I4: Negative | J4: Yes | K4: Not Run | L4: Duplicate visit control
A5: VIS-003 | B5: Visit Management | C5: End Visit closes active visit successfully | D5: Patient has active visit | E5: 1. Open active visit 2. End visit 3. Confirm state | F5: Open visit | G5: Visit status changes from active to ended/closed successfully | H5: High | I5: Positive | J5: Yes | K5: Not Run | L5: Visit closure
A6: VIS-004 | B6: Visit Management | C6: Visit action buttons are available only during active visit | D6: Patient has no active visit | E6: 1. Open patient chart 2. Review visit-specific actions | F6: Patient without active visit | G6: Visit-only actions are hidden, disabled, or guided appropriately when no visit is active | H6: Medium | I6: Regression | J6: Later | K6: Not Run | L6: State-based actions
A7: VIS-005 | B7: Visit Management | C7: Cancelled or interrupted visit workflow does not create partial duplicate records | D7: Patient chart is open | E7: 1. Begin start-visit flow if applicable 2. Cancel or interrupt action 3. Re-check patient record | F7: Interrupted visit action | G7: No unintended duplicate or orphaned visit record is created | H7: High | I7: Negative | J7: Later | K7: Not Run | L7: Data safety
A8: VIS-006 | B8: Visit Management | C8: Visit appears in patient history after closure | D8: Patient visit has been ended | E8: 1. End visit 2. Open dashboard/history | F8: Closed visit | G8: Closed visit is visible in patient history with correct date/time ordering | H8: High | I8: Integration | J8: Later | K8: Not Run | L8: History persistence

Sheet 60_Vitals_Clinical_Notes
A1: Update the Status and Notes columns during execution. Summary KPIs and counts refresh automatically.
A2: TC_ID | B2: Module | C2: Scenario | D2: Preconditions | E2: Steps | F2: Test Data | G2: Expected Result | H2: Priority | I2: Type | J2: Automation Candidate | K2: Status | L2: Notes
A3: CLN-001 | B3: Vitals & Clinical Notes | C3: Capture vitals during active visit and save successfully | D3: Patient has an active visit | E3: 1. Open vitals form 2. Enter valid vital signs 3. Save | F3: Valid BP, pulse, temperature, weight | G3: Vitals are saved successfully and associated with current visit | H3: Critical | I3: Positive | J3: Yes | K3: Not Run | L3: Core clinical capture
A4: CLN-002 | B4: Vitals & Clinical Notes | C4: Out-of-range vital values trigger validation or warning | D4: Patient has active visit | E4: 1. Enter impossible or extreme vital sign value 2. Save | F4: Impossible temperature or pulse | G4: System blocks save or warns clearly according to configuration | H4: High | I4: Negative | J4: Yes | K4: Not Run | L4: Clinical range validation
A5: CLN-003 | B5: Vitals & Clinical Notes | C5: Clinical note can be added and viewed in visit history | D5: Patient has active visit | E5: 1. Open notes/consultation form 2. Enter clinical note 3. Save | F5: Sample consultation note | G5: Clinical note is saved and retrievable from visit history/chart | H5: High | I5: Positive | J5: Yes | K5: Not Run | L5: Clinical documentation
A6: CLN-004 | B6: Vitals & Clinical Notes | C6: Required clinical fields are enforced before encounter save | D6: Encounter form with mandatory field exists | E6: 1. Leave mandatory observation or note blank 2. Try to save | F6: Missing required field | G6: System prevents completion and highlights missing required field | H6: High | I6: Negative | J6: Yes | K6: Not Run | L6: Required observations
A7: CLN-005 | B7: Vitals & Clinical Notes | C7: Multiple observations saved in one encounter remain linked to same visit | D7: Patient has active visit | E7: 1. Enter several observations 2. Save encounter 3. Review history | F7: Vitals + note data | G7: Saved observations belong to the same encounter/visit without duplication | H7: High | I7: Integration | J7: Later | K7: Not Run | L7: Encounter integrity
A8: CLN-006 | B8: Vitals & Clinical Notes | C8: Editing or reopening chart after save shows persisted vitals correctly | D8: Vitals were saved earlier in visit | E8: 1. Save vitals 2. Reopen chart/visit summary | F8: Previously saved vitals | G8: Previously saved vitals display correctly after page reload/navigation | H8: Medium | I8: Regression | J8: Later | K8: Not Run | L8: Persistence check

Sheet 70_Data_Validation
A1: Update the Status and Notes columns during execution. Summary KPIs and counts refresh automatically.
A2: TC_ID | B2: Module | C2: Scenario | D2: Preconditions | E2: Steps | F2: Test Data | G2: Expected Result | H2: Priority | I2: Type | J2: Automation Candidate | K2: Status | L2: Notes
A3: DAT-001 | B3: Data Validation | C3: Newly registered patient can be searched and opened immediately | D3: A new patient was just created | E3: 1. Register patient 2. Search using name or ID 3. Open chart | F3: Freshly created patient | G3: New patient appears in search and opens correctly without delay/data loss | H3: Critical | I3: Integration | J3: Later | K3: Not Run | L3: Registration-to-search
A4: DAT-002 | B4: Data Validation | C4: Edited demographic data persists correctly after save | D4: A patient record exists | E4: 1. Edit allowed demographic field 2. Save 3. Refresh chart | F4: Updated address/phone or similar field | G4: Updated patient data is persisted and shown consistently after refresh | H4: High | I4: Positive | J4: Later | K4: Not Run | L4: Edit persistence
A5: DAT-003 | B5: Data Validation | C5: System prevents invalid character or malformed value in strict input fields | D5: Editable strict field is available | E5: 1. Enter malformed value in strict field 2. Save | F5: Invalid numeric/text pattern | G5: System enforces validation and does not store malformed value | H5: High | I5: Negative | J5: Yes | K5: Not Run | L5: Strict validation
A6: DAT-004 | B6: Data Validation | C6: Visit history ordering remains chronological after multiple visits | D6: Patient has multiple visits | E6: 1. Review visit history after several encounters | F6: Patient with multiple visits | G6: Visit history is ordered correctly by date/time and reflects accurate sequence | H6: Medium | I6: Regression | J6: Later | K6: Not Run | L6: History ordering
A7: DAT-005 | B7: Data Validation | C7: Patient identifier remains unchanged when unrelated demographics are edited | D7: Patient record with stable identifier exists | E7: 1. Update non-identifier demographics 2. Save 3. Recheck patient ID | F7: Existing patient record | G7: Patient identifier remains stable and no duplicate identity is created | H7: Critical | I7: Security | J7: Later | K7: Not Run | L7: Identity integrity

Sheet 80_Security_Access
A1: Update the Status and Notes columns during execution. Summary KPIs and counts refresh automatically.
A2: TC_ID | B2: Module | C2: Scenario | D2: Preconditions | E2: Steps | F2: Test Data | G2: Expected Result | H2: Priority | I2: Type | J2: Automation Candidate | K2: Status | L2: Notes
A3: SEC-001 | B3: Security & Access | C3: Admin user can access registration and clinical workflow apps | D3: Valid admin account exists | E3: 1. Log in as admin 2. Review home page apps 3. Open key apps | F3: Admin account | G3: Admin can access configured registration and clinical workflow apps | H3: High | I3: Positive | J3: Yes | K3: Not Run | L3: Admin access matrix
A4: SEC-002 | B4: Security & Access | C4: Lower-privilege user sees limited application options | D4: A lower-privilege account is available | E4: 1. Log in as lower-privilege user 2. Review home page apps | F4: Lower-privilege account | G4: Only apps permitted by role are visible and accessible | H4: Critical | I4: Security | J4: Later | K4: Not Run | L4: Role-based home page
A5: SEC-003 | B5: Security & Access | C5: Direct URL access to protected page is blocked for unauthorized user | D5: Unauthorized or logged-out context is available | E5: 1. Paste protected page URL directly 2. Attempt access | F5: Protected URL | G5: System redirects to login or blocks access securely | H5: Critical | I5: Negative | J5: Yes | K5: Not Run | L5: Direct URL protection
A6: SEC-004 | B6: Security & Access | C6: Session expiration requires re-authentication before protected actions | D6: Authenticated session is active | E6: 1. Leave session idle if timeout occurs 2. Attempt protected action | F6: Idle authenticated session | G6: System requires re-authentication when session is no longer valid | H6: High | I6: Security | J6: Later | K6: Not Run | L6: Session control
A7: SEC-005 | B7: Security & Access | C7: Sensitive patient data is not exposed after logout | D7: User has viewed patient chart and then logs out | E7: 1. Open patient chart 2. Log out 3. Try browser back/refresh | F7: Logged-out session | G7: Patient chart details are not exposed after logout | H7: Critical | I7: Security | J7: Yes | K7: Not Run | L7: PHI protection
A8: SEC-006 | B8: Security & Access | C8: Login error message does not reveal whether username or password was wrong | D8: Login page is available | E8: 1. Attempt invalid login 2. Review message | F8: Wrong username or wrong password | G8: Authentication error is generic enough to avoid credential enumeration | H8: Medium | I8: Negative | J8: Later | K8: Not Run | L8: Safe error message

Sheet 90_Admin_Reporting
A1: Update the Status and Notes columns during execution. Summary KPIs and counts refresh automatically.
A2: TC_ID | B2: Module | C2: Scenario | D2: Preconditions | E2: Steps | F2: Test Data | G2: Expected Result | H2: Priority | I2: Type | J2: Automation Candidate | K2: Status | L2: Notes
A3: ADM-001 | B3: Admin & Reporting | C3: Home page displays modules relevant to authenticated role | D3: User is logged in | E3: 1. Log in 2. Review home page tiles/apps | F3: Admin or clerk role | G3: Home page displays role-relevant modules without broken navigation | H3: High | I3: Positive | J3: Yes | K3: Not Run | L3: Role-specific navigation
A4: ADM-002 | B4: Admin & Reporting | C4: Find Patient Record module opens and returns to home page cleanly | D4: User is logged in | E4: 1. Open Find Patient Record 2. Return to home/homepage | F4: Authenticated session | G4: Navigation works without broken breadcrumbs or blank page | H4: Medium | I4: Usability | J4: Yes | K4: Not Run | L4: Module navigation
A5: ADM-003 | B5: Admin & Reporting | C5: Patient list/search columns show identifying details needed for safe selection | D5: Search module is open | E5: 1. Search for patients with similar names 2. Review results grid | F5: Patients with similar names | G5: Search results include enough identifying fields for safe patient selection | H5: High | I5: Regression | J5: Later | K5: Not Run | L5: Safe selection support
A6: ADM-004 | B6: Admin & Reporting | C6: System handles unavailable module link or broken navigation gracefully | D6: A disabled/unavailable module path is simulated or encountered | E6: 1. Attempt unavailable path/module 2. Observe behavior | F6: Unavailable page/path | G6: System shows controlled error or redirect instead of raw system failure | H6: Medium | I6: Negative | J6: Later | K6: Not Run | L6: Broken path handling
A7: ADM-005 | B7: Admin & Reporting | C7: Admin workflow pages load within reasonable time without missing assets | D7: User is logged in | E7: 1. Open registration/search/visit-related pages 2. Review rendering | F7: Normal demo environment | G7: Pages render with visible controls and without missing-script/layout failures | H7: High | I7: Positive | J7: Later | K7: Not Run | L7: Page readiness

Sheet 100_Usability_Error_Handling
A1: Update the Status and Notes columns during execution. Summary KPIs and counts refresh automatically.
A2: TC_ID | B2: Module | C2: Scenario | D2: Preconditions | E2: Steps | F2: Test Data | G2: Expected Result | H2: Priority | I2: Type | J2: Automation Candidate | K2: Status | L2: Notes
A3: UI-001 | B3: Usability & Error Handling | C3: Field labels and buttons are understandable on registration workflow | D3: Registration workflow is open | E3: 1. Review registration pages 2. Navigate forward/back | F3: Standard registration flow | G3: Labels, buttons, and step names are understandable enough to complete flow | H3: Medium | I3: Usability | J3: No | K3: Not Run | L3: UX clarity
A4: UI-002 | B4: Usability & Error Handling | C4: Validation messages appear near the field or step causing the problem | D4: A required field is left invalid | E4: 1. Trigger validation error 2. Observe placement/message | F4: Missing or invalid field | G4: Error messaging is visible, understandable, and helps correction | H4: High | I4: Usability | J4: Yes | K4: Not Run | L4: Helpful guidance
A5: UI-003 | B5: Usability & Error Handling | C5: Browser refresh during safe read-only page does not corrupt patient context | D5: Patient dashboard is open | E5: 1. Open patient dashboard 2. Refresh browser | F5: Open patient dashboard | G5: Page reloads cleanly and patient context remains accurate | H5: Medium | I5: Regression | J5: Later | K5: Not Run | L5: Refresh stability
A6: UI-004 | B6: Usability & Error Handling | C6: Unexpected invalid action returns controlled message instead of stack trace | D6: User attempts unsupported/invalid workflow state | E6: 1. Trigger invalid navigation or unsupported action 2. Observe response | F6: Invalid workflow state | G6: System returns controlled user-facing error instead of raw technical exception | H6: High | I6: Negative | J6: Later | K6: Not Run | L6: Graceful error handling

Sheet 110_E2E
A1: Update the Status and Notes columns during execution. Summary KPIs and counts refresh automatically.
A2: TC_ID | B2: Module | C2: Scenario | D2: Preconditions | E2: Steps | F2: Test Data | G2: Expected Result | H2: Priority | I2: Type | J2: Automation Candidate | K2: Status | L2: Notes
A3: E2E-001 | B3: End-to-End | C3: Register patient to search to dashboard flow works end-to-end | D3: User has registration access | E3: 1. Register new patient 2. Search for patient 3. Open dashboard | F3: Unique new patient demographics | G3: New patient can be created, found, and opened successfully end-to-end | H3: Critical | I3: E2E | J3: Later | K3: Not Run | L3: Core admin flow
A4: E2E-002 | B4: End-to-End | C4: Register patient to start visit to save vitals flow works end-to-end | D4: User has registration and clinical access | E4: 1. Register/find patient 2. Start visit 3. Enter vitals 4. Save | F4: Valid patient + vitals data | G4: Patient visit and vitals are saved successfully in one connected workflow | H4: Critical | I4: E2E | J4: Later | K4: Not Run | L4: Clinical workflow
A5: E2E-003 | B5: End-to-End | C5: Active visit to clinical note to patient history flow works end-to-end | D5: Patient has active visit | E5: 1. Start/open visit 2. Add clinical note 3. End visit 4. Review history | F5: Valid note text | G5: Clinical note remains visible in visit/patient history after workflow completion | H5: Critical | I5: E2E | J5: Later | K5: Not Run | L5: Encounter continuity
A6: E2E-004 | B6: End-to-End | C6: Logout and re-login retains previously saved patient and visit data | D6: A patient and visit/encounter were created earlier | E6: 1. Complete workflow 2. Log out 3. Log back in 4. Search patient | F6: Previously saved patient data | G6: Previously saved records remain available and consistent after new session | H6: Critical | I6: E2E | J6: Later | K6: Not Run | L6: Persistence across sessions
